{"cameraMode":{"drawMode":0,"name":"Shaded","section":"Shading Mode"},"sceneLighting":false,"audioPlay":false,"sceneViewState":{"showFog":false,"showMaterialUpdate":false,"showSkybox":false,"showFlares":false,"showImageEffects":false,"showParticleSystems":false},"in2DMode":false,"pivot":{"x":-0.1566925048828125,"y":-0.2850000858306885,"z":1.6299998760223389},"rotation":{"x":-0.7221764922142029,"y":0.01026840042322874,"z":-0.010551566258072853,"w":-0.6916284561157227},"size":4.129816055297852,"orthographic":true}