{"cameraMode":{"drawMode":0,"name":"Shaded","section":"Shading Mode"},"sceneLighting":false,"audioPlay":false,"sceneViewState":{"showFog":false,"showMaterialUpdate":false,"showSkybox":false,"showFlares":false,"showImageEffects":false,"showParticleSystems":false},"in2DMode":false,"pivot":{"x":-18.197154998779298,"y":-63.38125228881836,"z":47.80192184448242},"rotation":{"x":-0.28500592708587649,"y":0.14537128806114198,"z":-0.04377976059913635,"w":-0.9464337825775147},"size":24.81234359741211,"orthographic":true}