{"cameraMode":{"drawMode":0,"name":"Shaded","section":"Shading Mode"},"sceneLighting":true,"audioPlay":false,"sceneViewState":{"showFog":false,"showMaterialUpdate":false,"showSkybox":false,"showFlares":false,"showImageEffects":false,"showParticleSystems":false},"in2DMode":false,"pivot":{"x":-8.306337356567383,"y":5.648216247558594,"z":-0.3983497619628906},"rotation":{"x":-0.27169880270957949,"y":0.48837965726852419,"z":-0.16319888830184937,"w":-0.8130648732185364},"size":337.6867980957031,"orthographic":true}